{"cameraMode":{"drawMode":0,"name":"Shaded","section":"Shading Mode"},"sceneLighting":false,"audioPlay":false,"sceneViewState":{"showFog":true,"showMaterialUpdate":false,"showSkybox":true,"showFlares":true,"showImageEffects":true,"showParticleSystems":true},"in2DMode":false,"pivot":{"x":0.25153666734695437,"y":2.2749876976013185,"z":-0.05866262689232826},"rotation":{"x":0.05346424877643585,"y":0.08825721591711045,"z":-0.004743944387882948,"w":0.9946506023406982},"size":5.4983110427856449,"orthographic":true}