{"cameraMode":{"drawMode":0,"name":"Shaded","section":"Shading Mode"},"sceneLighting":true,"audioPlay":false,"sceneViewState":{"showFog":true,"showMaterialUpdate":false,"showSkybox":true,"showFlares":true,"showImageEffects":true,"showParticleSystems":true},"in2DMode":false,"pivot":{"x":-2.4989097118377687,"y":2.2094197273254396,"z":-11.790348052978516},"rotation":{"x":0.09079480171203613,"y":0.11179321259260178,"z":-0.010257748886942864,"w":0.9895219802856445},"size":52.12803649902344,"orthographic":true}