{"cameraMode":{"drawMode":0,"name":"Shaded","section":"Shading Mode"},"sceneLighting":false,"audioPlay":false,"sceneViewState":{"showFog":true,"showMaterialUpdate":false,"showSkybox":true,"showFlares":true,"showImageEffects":true,"showParticleSystems":true},"in2DMode":false,"pivot":{"x":-0.05083233490586281,"y":0.7287963628768921,"z":-0.6074668765068054},"rotation":{"x":0.09495735913515091,"y":0.3919103145599365,"z":-0.040708184242248538,"w":0.9141839742660523},"size":2.045802354812622,"orthographic":true}