{"cameraMode":{"drawMode":0,"name":"Shaded","section":"Shading Mode"},"sceneLighting":false,"audioPlay":false,"sceneViewState":{"showFog":true,"showMaterialUpdate":false,"showSkybox":false,"showFlares":true,"showImageEffects":true,"showParticleSystems":true},"in2DMode":false,"pivot":{"x":1.486649751663208,"y":-2.8880791664123537,"z":-0.5756973028182983},"rotation":{"x":0.034349940717220309,"y":0.0913194790482521,"z":-0.0031516316812485458,"w":0.9952255487442017},"size":12.246293067932129,"orthographic":true}