{"cameraMode":{"drawMode":0,"name":"Shaded","section":"Shading Mode"},"sceneLighting":false,"audioPlay":false,"sceneViewState":{"showFog":true,"showMaterialUpdate":false,"showSkybox":true,"showFlares":true,"showImageEffects":true,"showParticleSystems":true},"in2DMode":false,"pivot":{"x":39.099998474121097,"y":2.5999999046325685,"z":0.0},"rotation":{"x":0.1743217557668686,"y":0.2552332580089569,"z":-0.04684032127261162,"w":0.9498809576034546},"size":11.264411926269532,"orthographic":true}